0.17,0.05,0.89
0.17,0.05,0.90
0.17,0.05,0.90
-0.15,0.03,0.76
-0.23,0.06,1.10
-0.24,0.16,0.68
-0.36,0.06,0.68
-3.96,0.29,0.82
-3.96,0.28,0.83
0.31,-0.04,0.83
-1.09,0.36,1.14
0.00,-0.48,0.68
-0.52,0.20,1.04
0.09,-0.48,0.66
0.14,0.09,0.90
0.25,0.59,0.68
0.10,0.01,0.66
0.66,0.87,0.46
0.40,0.40,0.78
0.30,0.55,0.57
0.44,0.55,0.40
0.40,0.57,0.38
0.38,0.58,0.38
0.36,0.60,0.37
0.28,0.55,0.53
-0.03,0.49,0.84
-0.06,0.54,0.84
0.18,0.65,0.40
0.07,0.71,0.22
0.12,0.69,0.27
0.13,0.68,0.30
0.17,1.02,0.18
0.10,0.92,0.30
0.22,0.58,0.41
0.22,0.66,0.17
-0.19,0.18,0.53
-0.07,0.54,0.62
-0.19,0.63,0.44
0.06,0.69,0.15
0.32,0.67,-0.06
0.29,0.67,0.02
0.29,0.67,0.02
0.29,0.67,0.02
0.27,0.67,0.00
-0.04,0.78,0.66
0.25,0.69,-0.02
0.25,0.68,-0.01
0.25,0.69,-0.01
0.25,0.69,0.00
0.25,0.68,0.00
0.69,0.57,-0.22
0.40,0.58,0.10
0.32,0.84,-0.06
0.15,0.60,-0.02
0.22,0.67,0.18
0.28,0.56,-0.14
0.10,0.59,-0.15
0.36,0.54,-0.19
0.66,-0.05,-0.22
0.32,0.56,-0.05
-0.19,0.65,0.35
0.25,0.73,0.44
0.11,0.45,0.66
0.14,0.65,0.55
-0.07,0.55,0.54
0.35,0.69,-0.08
0.20,0.64,-0.07
0.22,0.67,0.07
0.32,0.67,-0.06
0.18,0.67,-0.14
0.18,0.68,-0.12
0.19,0.69,-0.10
0.25,0.61,-0.18
-0.02,0.61,-0.11
0.19,0.67,-0.11
0.14,0.69,-0.11
0.08,0.70,-0.11
0.03,0.69,-0.14
-0.55,0.68,-0.21
-0.33,0.65,-0.01
-0.08,0.74,-0.16
-0.37,1.01,-0.09
-0.19,0.76,-0.05
0.02,0.62,0.50
0.10,0.22,0.70
0.08,0.66,0.43
0.09,0.70,0.41
0.03,0.35,0.71
0.17,0.59,0.43
0.09,0.41,0.60
0.13,0.62,0.50
0.10,0.71,0.45
0.14,0.46,0.57
0.13,0.67,0.48
0.12,0.63,0.46
0.10,0.65,0.60
0.20,0.71,0.46
0.18,0.67,0.43
0.17,0.68,0.46
0.10,0.65,0.60
0.15,0.63,0.50
0.20,0.74,0.42
0.18,0.61,0.47
0.06,0.44,0.62
0.07,0.49,0.62
0.20,0.55,0.46
0.25,0.72,0.06
0.25,0.69,0.30
0.11,0.60,0.50
0.17,0.70,0.41
0.15,0.56,0.49
0.14,0.58,0.46
0.16,0.63,0.38
0.13,0.52,0.46
0.12,0.21,0.61
0.18,0.40,0.52
0.18,0.69,0.41
0.32,0.73,0.38
0.29,0.50,0.46
0.28,0.63,0.44
0.21,0.44,0.55
0.55,0.94,-0.06
0.23,0.67,0.08
0.32,0.56,0.31
0.44,0.50,0.34
0.44,0.60,0.28
0.51,0.73,0.04
0.43,0.57,0.00
0.36,0.57,-0.04
0.33,0.65,-0.07
0.34,0.64,-0.06
0.31,0.63,-0.13
0.29,0.63,-0.14
0.32,0.63,-0.15
0.30,0.63,-0.15
0.29,0.63,-0.16
0.29,0.63,-0.18
0.30,0.63,-0.17
0.29,0.63,-0.19
0.24,0.59,-0.16
0.32,0.63,-0.15
0.27,0.63,-0.18
0.25,0.64,-0.17
0.32,0.62,-0.16
0.29,0.63,-0.17
0.29,0.64,-0.16
0.29,0.63,-0.17
0.29,0.64,-0.17
0.29,0.63,-0.15
0.31,0.63,-0.15
0.32,0.63,-0.16
0.28,0.64,-0.16
0.40,0.60,-0.18
0.32,0.63,-0.15
0.30,0.63,-0.16
0.29,0.63,-0.17
0.33,0.63,-0.15
0.32,0.63,-0.16
0.36,0.61,-0.13
0.32,0.63,-0.14
0.31,0.63,-0.15
0.33,0.63,-0.14
0.30,0.63,-0.17
0.32,0.63,-0.14
0.31,0.63,-0.17
0.30,0.63,-0.12
0.43,0.48,-0.30
0.33,0.63,-0.04
0.44,0.57,-0.10
0.41,0.58,-0.15
0.42,0.58,-0.11
0.41,0.58,-0.11
0.42,0.59,-0.10
0.41,0.59,-0.10
0.43,0.59,-0.10
0.42,0.58,-0.10
0.40,0.59,-0.10
0.44,0.59,-0.10
0.44,0.60,-0.10
0.44,0.60,-0.08
0.40,0.60,-0.09
0.40,0.62,-0.09
0.39,0.61,-0.09
0.01,0.59,0.38
0.08,0.27,0.64
0.07,0.41,0.63
0.14,0.60,0.82
0.17,0.67,0.46
0.24,0.68,0.22
0.22,0.68,0.10
0.32,0.67,0.07
0.23,0.71,0.01
0.39,0.70,0.02
0.19,0.63,-0.11
0.40,0.64,-0.09
0.12,0.52,-0.16
0.14,0.17,0.68
0.04,1.04,0.87
0.40,1.20,0.90
-0.06,-0.54,0.63
0.28,-0.50,0.50
0.20,0.18,0.73
0.50,-0.35,0.56
0.42,0.81,0.68
0.65,0.90,0.76
0.32,0.49,0.71
0.22,0.43,0.78
0.22,0.44,0.81
0.23,0.38,0.77
0.18,-0.00,0.75
0.22,0.32,0.70
0.29,-0.01,0.81
0.31,0.40,0.85
0.30,0.30,0.76
-0.04,0.29,0.90
0.13,0.69,0.32
0.22,0.60,0.36
0.09,0.68,0.40
0.10,0.48,0.64
0.18,0.56,0.53
0.16,0.60,0.45
0.09,0.73,0.30
0.07,0.69,0.36
0.12,0.60,0.46
0.22,0.69,0.30
0.24,0.70,0.29
0.22,0.67,0.27
0.18,0.67,0.23
0.15,0.53,0.52
-0.05,0.74,0.25
0.13,0.60,0.54
0.16,0.74,0.29
0.16,0.60,0.54
0.22,0.65,0.38
0.07,0.74,0.30
0.07,0.54,0.45
0.24,0.74,0.36
0.15,0.68,0.41
-0.02,0.67,0.42
0.15,0.58,0.37
0.21,0.47,0.47
0.21,0.58,0.38
0.18,0.64,0.22
0.18,0.63,0.34
0.19,0.68,0.27
0.19,0.68,0.28
0.33,0.48,0.41
0.23,0.70,0.30
0.22,0.51,0.50
0.27,0.76,0.38
0.34,0.81,0.38
0.25,0.63,0.42
0.38,0.76,0.25
0.35,0.74,0.27
0.36,0.82,0.44
0.30,0.52,0.58
0.23,0.56,0.48
0.27,0.68,0.46
0.24,0.73,0.34
0.26,0.72,0.23
0.11,0.54,0.46
0.04,0.56,0.60
-0.03,0.67,0.34
-0.04,0.67,0.32
0.14,0.92,0.14
0.25,0.50,0.23
0.15,0.69,0.40
-0.25,0.51,0.58
-0.25,0.42,0.72
0.19,0.38,0.79
0.26,0.32,0.76
0.08,0.52,0.73
0.31,0.45,0.60
0.33,0.43,0.66
0.44,0.31,0.66
-0.05,0.47,0.69
-0.47,0.41,0.86
-0.14,0.56,0.57
0.04,0.54,0.69
0.08,0.47,0.74
0.51,0.45,0.58
-0.16,0.21,0.84
-0.47,0.08,0.81
-0.54,0.19,0.76
0.07,0.31,0.79
0.05,0.41,0.80
0.16,0.36,0.83
0.19,0.39,0.87
-0.69,0.13,0.70
-0.58,0.22,0.61
-0.17,0.42,0.78
-0.34,0.31,0.58
-0.52,0.22,0.59
-0.54,0.10,0.69
-0.47,0.31,0.72
0.04,0.61,0.59
0.10,0.59,0.62
0.18,0.60,0.49
0.18,0.59,0.49
0.10,0.56,0.65
0.22,0.63,0.49
0.25,0.70,0.50
0.47,0.72,0.11
0.04,-0.32,0.47
-0.08,0.30,0.88
-0.15,0.26,0.88
-0.14,0.18,0.84
-0.22,0.19,1.02
-0.15,0.05,0.82
-0.24,0.09,0.87
-0.23,0.15,0.88
0.12,0.54,0.69
0.10,0.26,0.83
0.12,0.26,0.85
0.10,0.31,0.83
0.11,0.22,0.87
0.14,0.09,0.90
0.27,-0.11,0.94
0.05,0.37,0.82
0.14,0.68,0.77
-0.05,0.61,0.72
0.26,0.60,0.65
-0.10,0.70,0.59
-0.06,0.34,0.46
0.04,0.70,0.53
-0.33,0.49,0.30
-3.96,0.44,0.61
-0.18,0.45,0.68
-3.96,0.88,0.88
-0.44,0.52,0.18
-0.41,0.61,0.12
-0.38,0.63,0.10
-0.33,0.66,0.13
1.16,0.71,-0.09
-0.13,0.67,-0.18
-3.88,0.67,-0.27
-0.20,0.64,-0.22
-0.15,0.65,-0.28
-0.21,0.63,-0.22
-0.01,0.60,-0.20
-0.15,0.72,-0.06
-0.23,0.64,-0.18
0.02,0.54,-0.41
0.02,0.54,-0.46
0.05,0.57,-0.41
-3.91,0.63,-0.30
0.06,0.58,-0.38
-3.96,0.56,-0.41
-3.96,0.57,-0.39
0.07,0.57,-0.40
-0.29,0.61,-0.32
-3.96,0.54,-0.01
-3.96,0.57,-0.18
-3.96,0.62,-0.21
-0.15,0.59,-0.17
-3.96,0.57,-0.21
-3.96,0.57,-0.20
-3.96,0.57,-0.16
-3.96,0.51,-0.22
-3.96,0.50,-0.14
0.44,0.61,-0.07
0.53,0.28,-0.42
0.47,0.35,-0.34
0.47,0.31,-0.42
0.54,0.30,-0.40
0.66,0.13,-0.11
0.50,0.31,-0.39
0.60,0.40,-0.20
0.55,0.39,-0.30
0.53,0.41,-0.30
0.57,0.43,-0.21
0.47,0.45,-0.30
0.61,0.38,-0.24
0.56,0.38,-0.20
0.56,0.42,-0.22
0.47,0.56,-0.18
0.46,0.46,-0.25
0.47,0.44,-0.25
0.52,0.41,-0.30
0.55,0.41,-0.26
0.51,0.37,-0.26
0.55,0.45,-0.20
0.55,0.48,-0.19
0.42,0.47,-0.25
0.61,0.31,-0.35
0.42,0.52,-0.49
0.64,0.38,-0.18
0.55,0.41,-0.25
0.60,0.33,-0.22
0.48,0.40,-0.35
0.57,0.35,-0.28
0.44,0.29,-0.45
0.40,0.35,-0.74
0.43,-0.22,-0.60
-0.11,0.25,-0.23
0.06,0.38,-0.59
0.05,0.36,-0.60
0.06,0.38,-0.60
0.45,0.51,-0.26
0.30,0.12,-0.84
0.22,-0.03,-1.14
0.21,0.36,-0.94
0.14,0.31,-0.89
0.84,0.24,-0.12
0.69,0.28,-0.17
0.76,0.14,-0.10
0.49,0.37,-0.34
0.53,0.43,-0.32
0.74,0.24,-0.18
0.59,0.32,-0.25
0.75,0.22,-0.11
0.57,0.38,-0.21
0.56,0.33,-0.33
0.62,0.31,-0.22
0.62,0.32,-0.25
0.63,0.31,-0.23
0.62,0.31,-0.26
0.62,0.31,-0.26
0.62,0.31,-0.26
0.56,0.35,-0.30
0.49,0.32,-0.48
0.05,0.41,-0.57
0.05,0.41,-0.57
0.05,0.41,-0.57
0.05,0.41,-0.58
0.05,0.41,-0.57
0.05,0.41,-0.57
0.05,0.41,-0.57
0.05,0.41,-0.57
0.05,0.41,-0.57
0.05,0.41,-0.57
0.50,0.37,-0.35
0.02,0.76,-0.72
0.47,0.60,-0.14
0.13,0.81,-0.28
0.49,0.53,-0.06
0.44,0.57,-0.42
-0.32,0.85,-0.26
-0.36,0.63,0.08
-0.40,0.67,0.35
-0.36,0.37,0.30
-0.48,0.71,0.55
-0.48,0.62,0.48
-0.40,0.54,0.46
-0.13,0.49,0.77
-0.29,0.48,0.61
-0.48,0.44,0.31
0.32,0.25,-0.51
-3.96,-0.02,-0.59
-0.14,0.36,-0.70
0.04,0.29,-0.43
0.03,0.44,-0.45
-0.04,0.63,-0.52
-0.49,0.22,-0.58
-0.04,0.47,-0.48
0.01,0.56,-0.42
-0.04,0.58,-0.41
0.01,0.56,-0.42
0.00,0.56,-0.42
0.01,0.57,-0.42
0.01,0.56,-0.43
0.00,0.56,-0.42
0.01,0.56,-0.42
0.00,0.56,-0.42
0.01,0.57,-0.42
0.01,0.56,-0.42
0.00,0.56,-0.42
0.01,0.56,-0.42
0.00,0.56,-0.42
-0.00,0.57,-0.42
0.01,0.56,-0.42
0.00,0.56,-0.42
0.00,0.56,-0.42
0.00,0.57,-0.42
0.00,0.56,-0.42
0.00,0.56,-0.42
0.00,0.56,-0.42
0.01,0.56,-0.42
0.01,0.57,-0.41
0.01,0.56,-0.42
0.01,0.56,-0.42
0.00,0.57,-0.42
0.00,0.57,-0.42
0.00,0.56,-0.42
0.00,0.57,-0.42
0.00,0.56,-0.42
0.00,0.56,-0.42
0.00,0.57,-0.42
0.00,0.56,-0.42
0.00,0.56,-0.42
0.00,0.56,-0.42
0.01,0.57,-0.42
0.00,0.56,-0.42
0.15,0.54,-0.20
0.73,0.54,-0.14
0.55,0.54,-0.16
0.48,0.54,0.22
0.01,0.57,-0.42
-3.82,0.50,-0.97
0.31,0.61,-0.50
-0.01,0.76,-0.44
0.10,0.84,-0.26
0.50,0.64,0.28
0.37,0.64,-0.34
0.43,0.60,-0.10
0.47,0.56,-0.02
0.36,0.67,0.02
0.36,0.52,-0.17
0.09,0.84,-0.13
0.25,0.54,-0.50
-3.96,0.34,-0.59
0.55,0.54,-0.18
0.58,0.56,-0.16
0.32,0.58,-0.22
0.28,0.71,-0.22
0.78,0.44,-0.10
0.40,0.55,-0.42
0.34,0.64,-0.02
0.37,0.59,-0.26
0.47,0.52,-0.10
0.36,0.72,-0.20
-0.00,0.58,-0.39
0.00,0.57,-0.41
0.00,0.57,-0.41
0.00,0.57,-0.41
0.00,0.57,-0.42
0.00,0.57,-0.41
0.00,0.57,-0.41
0.00,0.57,-0.41
0.00,0.57,-0.41
0.00,0.57,-0.41
-0.80,0.57,-0.53
0.00,0.58,-0.40
0.00,0.57,-0.40
0.33,0.59,-0.23
0.37,0.60,-0.04
0.60,0.50,-0.13
-3.96,0.46,-0.23
-3.96,0.51,-0.14
0.62,0.48,0.12
0.55,0.54,-0.06
0.38,0.60,-0.18
0.12,0.65,-0.06
0.39,0.67,-0.24
0.26,0.52,-0.37
0.42,0.52,-0.23
0.50,0.59,-0.09
0.56,0.52,0.10
0.53,0.59,-0.02
0.57,0.52,-0.01
0.57,0.54,0.19
0.16,0.63,-0.61
0.28,0.64,-0.26
0.58,0.42,-0.08
0.57,0.45,0.34
0.30,0.66,-0.27
0.37,0.70,-0.10
0.29,0.58,-0.13
-3.96,0.41,0.06
0.46,0.49,-0.18
-0.25,0.38,0.03
0.23,0.63,-0.20
0.48,0.63,-0.02
-3.96,0.54,-0.18
-2.98,0.56,-0.07
0.45,0.54,-0.25
0.16,0.61,0.38
-0.01,0.57,-0.41
-0.01,0.57,-0.41
-0.01,0.57,-0.41
-0.01,0.57,-0.41
-0.01,0.57,-0.41
-0.01,0.57,-0.41
-0.01,0.57,-0.40
-0.01,0.57,-0.41
-0.01,0.57,-0.41
-0.01,0.57,-0.40
-0.01,0.57,-0.40
-0.01,0.57,-0.41
-0.01,0.57,-0.41
-0.01,0.57,-0.40
-0.01,0.57,-0.41
-0.01,0.57,-0.41
-0.01,0.57,-0.41
-0.01,0.57,-0.41
-0.01,0.57,-0.41
-0.01,0.57,-0.41
-0.01,0.57,-0.41
-0.01,0.57,-0.41
-0.01,0.57,-0.41
-0.01,0.57,-0.41
-0.01,0.57,-0.41
-0.01,0.57,-0.41
-0.01,0.57,-0.41
-0.01,0.57,-0.41
-0.01,0.57,-0.41
-0.01,0.57,-0.41
-0.01,0.57,-0.40
-0.01,0.57,-0.41
-0.01,0.57,-0.41
-0.01,0.57,-0.40
-0.01,0.57,-0.41
-0.01,0.57,-0.40
-0.01,0.57,-0.41
-0.01,0.57,-0.40
-0.01,0.57,-0.41
-0.01,0.57,-0.40
-0.01,0.57,-0.41
-0.01,0.57,-0.41
-0.01,0.57,-0.41
-0.01,0.57,-0.40
-0.01,0.57,-0.41
-0.01,0.57,-0.40
-0.01,0.57,-0.40
-0.01,0.57,-0.41
-0.01,0.57,-0.41
-0.01,0.57,-0.40
-0.01,0.57,-0.41
-0.01,0.57,-0.41
-0.01,0.57,-0.41
-0.01,0.57,-0.41
-0.01,0.57,-0.40
-0.01,0.57,-0.41
-0.01,0.57,-0.41
-0.01,0.57,-0.41
-0.01,0.57,-0.41
-0.01,0.57,-0.40
-0.01,0.57,-0.40
-0.01,0.57,-0.40
-0.00,0.57,-0.40
-0.01,0.57,-0.40
-0.01,0.57,-0.40
-0.01,0.57,-0.41
-0.01,0.57,-0.40
-0.01,0.57,-0.40
-0.01,0.57,-0.40
-0.01,0.57,-0.40
-0.01,0.57,-0.40
-0.01,0.57,-0.41
-0.01,0.57,-0.41
-0.01,0.57,-0.40
-0.01,0.57,-0.41
-0.01,0.57,-0.41
0.51,0.53,-0.07
0.20,0.86,-0.10
0.70,0.31,0.25
0.49,0.51,-0.16
0.44,0.61,0.05
0.40,0.69,0.01
0.68,0.49,0.26
-3.96,0.28,0.36
-2.60,0.54,-0.32
-3.96,0.60,-0.45
-2.29,0.59,-0.10
0.54,0.57,0.21
0.55,0.48,0.07
-0.00,0.58,-0.39
0.41,0.42,-0.30
0.19,0.61,-0.09
0.32,0.59,-0.06
0.54,0.50,-0.25
0.44,0.57,-0.30
0.61,0.41,-0.14
0.70,0.26,0.26
-0.08,0.72,0.94
-0.19,0.38,0.62
-0.46,0.41,0.70
-0.41,0.31,0.70
-0.41,0.23,0.73
-0.40,0.23,0.73
-0.40,0.23,0.73
-0.41,0.23,0.73
-0.40,0.23,0.73
-0.40,0.23,0.73
-0.41,0.23,0.73
-0.41,0.22,0.73
-0.41,0.24,0.74
-0.40,0.23,0.73
-0.40,0.23,0.73
-0.40,0.23,0.73
-0.40,0.23,0.73
-0.41,0.23,0.73
-0.40,0.23,0.73
-0.40,0.23,0.73
-0.40,0.23,0.73
-0.40,0.23,0.73
-0.41,0.23,0.73
-0.40,0.23,0.73
-0.40,0.23,0.73
-0.40,0.23,0.73
-0.40,0.23,0.73
-0.41,0.23,0.73
-0.41,0.23,0.73
-0.40,0.23,0.73
-0.40,0.23,0.73
-0.41,0.23,0.73
-0.41,0.23,0.73
-0.41,0.23,0.73
-0.41,0.23,0.73
-0.41,0.23,0.73
-0.40,0.23,0.72
-0.41,0.22,0.72
-0.40,0.23,0.73
-0.40,0.23,0.72
-0.40,0.24,0.73
-0.40,0.23,0.73
-0.41,0.23,0.73
-0.40,0.25,0.74
-0.36,0.32,0.70
-0.34,0.34,0.70
-0.34,0.34,0.70
-0.33,0.35,0.70
-0.30,0.38,0.69
-0.22,0.41,0.58
-0.02,0.61,0.73
0.66,0.25,-0.01
0.34,0.51,-0.14
0.12,0.64,-0.15
0.01,0.69,-0.34
0.28,0.81,0.06
0.44,0.47,0.12
0.98,0.56,0.03
0.71,0.35,0.05
0.69,0.19,0.44
-3.96,0.30,0.26
0.38,0.63,-0.03
0.43,0.60,-0.18
0.41,0.61,-0.19
-3.96,0.38,0.16
-0.15,0.41,-0.50
0.40,0.67,-0.09
-0.29,0.73,-0.22
0.22,0.67,-0.33
0.36,0.54,-0.16
0.29,0.57,-0.22
0.40,0.63,-0.18
0.25,0.65,-0.24
-0.07,0.65,0.06
0.70,0.26,0.25
-3.96,0.36,0.11
-0.55,0.44,0.06
0.58,0.28,0.18
0.54,0.48,-0.10
0.35,0.58,0.10
0.77,0.20,0.38
0.41,0.67,-0.07
0.36,0.67,0.09
0.22,0.54,-0.07
0.47,0.57,-0.16
0.38,0.69,0.07
0.39,0.61,-0.42
0.65,0.41,-0.11
0.03,0.84,0.11
-2.19,0.33,0.42
0.09,0.66,-0.14
0.05,0.73,-0.39
-3.38,-0.14,-0.02
0.70,0.28,0.24
-3.96,0.22,0.07
-3.96,0.16,0.10
-3.96,-0.04,0.05
-3.96,-0.13,0.02
-3.96,0.13,0.02
-3.96,-0.03,0.02
-3.96,0.11,0.10
-3.96,0.00,0.00
-3.96,-0.01,-0.10
-3.96,0.16,0.00
-3.96,0.28,0.35
0.38,0.53,0.31
-0.29,0.93,0.09
0.25,0.66,-0.15
0.40,0.63,-0.19
0.54,0.87,-0.19
0.76,0.60,0.17
0.58,0.66,-0.06
0.44,0.58,-0.04
0.51,0.51,-0.03
0.59,0.56,-0.11
0.46,0.54,-0.07
0.44,1.04,-0.04
0.62,0.61,-0.03
0.34,0.22,0.22
0.44,0.47,0.11
0.73,0.82,-0.13
0.72,0.81,-0.22
0.55,0.49,0.10
0.74,0.63,0.03
0.55,0.49,0.14
0.30,0.42,-0.17
1.15,1.00,-0.14
1.05,0.73,0.34
-1.08,-0.10,-0.26
0.20,0.47,-0.10
0.70,0.35,-0.07
0.78,0.09,0.32
-3.96,-0.04,-0.19
-3.96,0.29,-0.41
0.20,0.70,-1.32
-0.02,0.58,-0.40
-0.03,0.58,-0.39
-0.02,0.58,-0.40
-0.02,0.58,-0.40
-0.03,0.58,-0.40
-0.02,0.58,-0.40
-0.03,0.58,-0.40
-0.03,0.58,-0.39
-0.02,0.58,-0.40
-0.03,0.58,-0.40
-0.02,0.58,-0.40
-0.03,0.58,-0.40
-0.02,0.58,-0.39
-0.02,0.58,-0.39
-0.03,0.59,-0.39
-0.03,0.58,-0.40
-0.03,0.58,-0.40
-0.02,0.58,-0.39
-0.03,0.58,-0.40
-0.02,0.58,-0.39
-0.03,0.58,-0.40
-0.03,0.58,-0.40
-0.02,0.58,-0.39
-0.03,0.58,-0.40
-0.03,0.58,-0.40
-0.03,0.58,-0.40
-0.03,0.58,-0.39
-0.03,0.58,-0.39
-0.03,0.58,-0.39
-0.03,0.58,-0.39
-0.02,0.58,-0.39
-0.03,0.58,-0.40
-0.03,0.58,-0.39
-0.03,0.58,-0.40
-0.02,0.58,-0.40
-0.02,0.58,-0.39
-0.02,0.58,-0.40
-0.03,0.58,-0.39
-0.03,0.58,-0.39
-0.03,0.58,-0.40
-0.03,0.58,-0.39
-0.02,0.58,-0.39
-0.03,0.58,-0.39
-0.03,0.58,-0.40
-0.02,0.58,-0.39
-0.03,0.58,-0.39
-0.02,0.58,-0.39
-0.03,0.58,-0.39
-0.02,0.58,-0.39
-0.03,0.58,-0.39
-0.03,0.58,-0.39
-0.02,0.58,-0.39
-0.02,0.58,-0.39
-0.03,0.58,-0.40
-0.03,0.58,-0.39
-0.02,0.58,-0.39
-0.02,0.58,-0.39
-0.03,0.58,-0.39
-0.03,0.58,-0.39
-0.03,0.58,-0.39
-0.03,0.58,-0.39
-0.03,0.58,-0.39
-0.03,0.58,-0.39
-0.03,0.58,-0.39
-0.03,0.58,-0.39
-0.03,0.58,-0.39
-0.02,0.58,-0.40
-0.03,0.58,-0.39
-0.03,0.58,-0.39
-0.03,0.58,-0.39
-0.03,0.58,-0.39
-0.03,0.58,-0.39
-0.03,0.58,-0.39
-0.03,0.58,-0.39
-0.02,0.58,-0.39
-0.03,0.58,-0.39
-0.02,0.58,-0.39
-0.03,0.58,-0.39
-0.03,0.58,-0.39
-0.03,0.58,-0.39
-0.03,0.58,-0.39
-0.03,0.58,-0.39
-0.03,0.58,-0.39
-0.03,0.58,-0.39
-0.02,0.58,-0.39
-0.03,0.58,-0.39
-0.03,0.58,-0.39
-0.03,0.58,-0.39
-0.03,0.58,-0.39
-0.03,0.58,-0.39
-0.03,0.58,-0.39
-0.03,0.58,-0.39
-0.03,0.58,-0.39
-0.03,0.58,-0.39
-0.02,0.58,-0.39
-0.02,0.58,-0.39
-0.02,0.58,-0.39
-0.03,0.58,-0.39
-0.02,0.58,-0.39
-0.03,0.58,-0.39
-0.02,0.58,-0.39
-0.03,0.58,-0.39
-0.03,0.58,-0.39
-0.03,0.58,-0.39
-0.03,0.58,-0.39
-0.03,0.58,-0.39
-0.03,0.58,-0.39
-0.02,0.58,-0.39
-0.03,0.58,-0.40
-0.03,0.58,-0.39
-0.03,0.58,-0.39
-0.03,0.58,-0.39
-0.02,0.58,-0.39
-0.03,0.58,-0.39
-0.03,0.58,-0.39
-0.02,0.58,-0.39
-0.03,0.58,-0.39
-0.03,0.58,-0.39
-0.03,0.58,-0.39
-0.03,0.58,-0.39
-0.02,0.58,-0.39
-0.03,0.58,-0.39
-0.03,0.58,-0.39
-0.02,0.58,-0.39
-0.03,0.58,-0.39
-0.03,0.58,-0.39
-0.03,0.58,-0.39
-0.03,0.58,-0.39
-0.03,0.58,-0.39
-0.03,0.58,-0.39
-0.02,0.58,-0.39
-0.03,0.58,-0.39
-0.03,0.58,-0.39
-0.03,0.58,-0.39
-0.03,0.58,-0.39
-0.03,0.58,-0.39
-0.03,0.58,-0.39
-0.03,0.58,-0.39
-0.03,0.58,-0.39
-0.03,0.58,-0.39
-0.03,0.58,-0.39
-0.03,0.58,-0.39
-0.03,0.58,-0.39
-0.03,0.58,-0.39
-0.03,0.58,-0.39
-0.03,0.58,-0.39
-0.03,0.58,-0.39
-0.03,0.59,-0.39
-0.02,0.58,-0.39
-0.02,0.58,-0.39
-0.03,0.58,-0.39
-0.03,0.58,-0.39
-0.03,0.58,-0.39
-0.03,0.58,-0.39
-0.02,0.58,-0.39
-0.03,0.58,-0.39
-0.02,0.58,-0.39
-0.03,0.58,-0.39
-0.02,0.58,-0.39
-0.02,0.58,-0.39
-0.03,0.58,-0.39
-0.03,0.58,-0.39
-0.03,0.58,-0.39
-0.03,0.58,-0.39
-0.03,0.58,-0.39
-0.03,0.58,-0.39
-0.03,0.58,-0.39
-0.03,0.58,-0.39
-0.03,0.58,-0.39
-0.03,0.58,-0.39
-0.03,0.58,-0.39
-0.03,0.58,-0.39
-0.03,0.58,-0.39
-0.03,0.58,-0.39
-0.03,0.58,-0.39
-0.03,0.58,-0.39
-0.02,0.58,-0.39
-0.02,0.58,-0.39
-0.03,0.58,-0.39
-0.03,0.58,-0.39
-0.03,0.58,-0.39
-0.03,0.58,-0.39
-0.03,0.58,-0.39
-0.02,0.58,-0.39
-0.03,0.58,-0.39
-0.03,0.58,-0.39
-0.03,0.58,-0.39
-0.03,0.58,-0.39
-0.02,0.58,-0.39
-0.02,0.58,-0.39
-0.03,0.58,-0.39
-0.03,0.58,-0.39
-0.03,0.58,-0.39
-0.03,0.58,-0.39
-0.03,0.58,-0.39
-0.03,0.58,-0.38
-0.03,0.58,-0.39
-0.02,0.58,-0.39
-0.03,0.58,-0.39
-0.03,0.58,-0.39
-0.03,0.58,-0.39
-0.03,0.58,-0.39
-0.03,0.58,-0.39
-0.03,0.58,-0.39
-0.03,0.58,-0.39
-0.03,0.58,-0.39
-0.03,0.58,-0.39
-0.03,0.58,-0.39
-0.03,0.58,-0.39
-0.03,0.58,-0.39
-0.02,0.58,-0.39
-0.03,0.58,-0.39
-0.03,0.58,-0.39
-0.02,0.58,-0.39
-0.03,0.58,-0.39
-0.03,0.58,-0.39
-0.03,0.58,-0.39
-0.03,0.58,-0.39
-0.03,0.58,-0.39
-0.03,0.58,-0.39
-0.02,0.58,-0.39
-0.03,0.58,-0.39
-0.02,0.58,-0.39
-0.03,0.58,-0.39
-0.03,0.58,-0.39
-0.03,0.58,-0.39
-0.03,0.58,-0.39
-0.03,0.58,-0.39
-0.03,0.58,-0.39
-0.03,0.58,-0.39
-0.03,0.58,-0.39
-0.02,0.58,-0.39
-0.02,0.58,-0.39
-0.02,0.58,-0.39
-0.03,0.58,-0.39
-0.02,0.58,-0.39
-0.03,0.58,-0.39
-0.02,0.58,-0.39
-0.02,0.58,-0.39
-0.03,0.58,-0.39
-0.02,0.58,-0.39
-0.03,0.58,-0.39
-0.03,0.58,-0.39
-0.03,0.58,-0.39
-0.03,0.58,-0.39
-0.03,0.58,-0.39
-0.02,0.58,-0.39
-0.03,0.58,-0.39
-0.03,0.58,-0.39
-0.03,0.58,-0.39
-0.02,0.58,-0.39
-0.03,0.58,-0.39
-0.03,0.58,-0.39
-0.03,0.58,-0.39
-0.03,0.58,-0.39
-0.03,0.58,-0.39
-0.03,0.58,-0.39
-0.02,0.58,-0.38
-0.02,0.58,-0.39
-0.03,0.58,-0.39
-0.03,0.58,-0.39
-0.03,0.58,-0.39
-0.03,0.58,-0.39
-0.03,0.58,-0.39
-0.03,0.58,-0.39
-0.02,0.58,-0.39
-0.03,0.58,-0.39
-0.03,0.58,-0.38
-0.03,0.58,-0.38
-0.03,0.58,-0.39
-0.03,0.58,-0.39
-0.02,0.58,-0.39
-0.03,0.58,-0.39
-0.03,0.58,-0.39
-0.03,0.58,-0.39
-0.02,0.58,-0.39
-0.03,0.58,-0.39
-0.03,0.58,-0.39
-0.02,0.58,-0.39
-0.02,0.58,-0.39
-0.02,0.58,-0.39
-0.03,0.58,-0.39
-0.02,0.58,-0.39
-0.02,0.58,-0.39
-0.03,0.58,-0.39
-0.03,0.58,-0.39
-0.02,0.58,-0.39
-0.03,0.58,-0.39
-0.03,0.58,-0.40
-0.03,0.58,-0.39
-0.03,0.58,-0.39
-0.03,0.58,-0.39
-0.03,0.58,-0.39
-0.02,0.58,-0.39
-0.03,0.58,-0.39
-0.03,0.58,-0.39
-0.02,0.58,-0.39
-0.03,0.58,-0.39
-0.02,0.58,-0.39
-0.03,0.58,-0.39
-0.02,0.58,-0.39
-0.03,0.58,-0.39
-0.03,0.58,-0.39
-0.03,0.58,-0.39
-0.03,0.58,-0.39
-0.03,0.58,-0.39
-0.03,0.58,-0.39
-0.02,0.58,-0.39
-0.02,0.58,-0.39
-0.03,0.58,-0.39
-0.03,0.58,-0.39
-0.03,0.58,-0.39
-0.02,0.58,-0.39
-0.03,0.58,-0.39
-0.03,0.58,-0.39
-0.03,0.58,-0.39
-0.03,0.58,-0.39
-0.03,0.58,-0.39
-0.03,0.58,-0.39
-0.03,0.58,-0.39
-0.02,0.58,-0.39
-0.03,0.58,-0.39
-0.03,0.58,-0.38
-0.02,0.58,-0.39
-0.03,0.58,-0.39
-0.03,0.58,-0.39
-0.02,0.58,-0.39
-0.03,0.58,-0.38
-0.02,0.58,-0.39
-0.02,0.58,-0.39
-0.03,0.58,-0.39
-0.03,0.58,-0.39
-0.02,0.58,-0.39
-0.03,0.58,-0.39
-0.03,0.58,-0.39
-0.03,0.58,-0.39
-0.03,0.58,-0.39
-0.03,0.58,-0.39
-0.34,0.40,0.42
-0.37,0.50,0.54
-0.29,0.46,0.47
-0.28,0.28,0.66
-0.22,0.57,0.74
-0.33,0.57,0.50
-0.36,0.59,0.51
-0.32,0.28,0.66
-0.25,0.43,0.73
-0.24,0.58,0.67
0.22,0.67,0.19
0.52,0.50,0.02
0.50,0.54,-0.06
0.51,0.53,-0.10
0.52,0.53,-0.06
0.60,0.46,-0.06
0.58,0.48,-0.10
0.55,0.45,0.00
0.61,0.45,-0.09
0.59,0.41,-0.09
0.63,0.47,-0.09
0.59,0.48,-0.02
0.58,0.44,-0.07
0.57,0.45,-0.10
0.59,0.43,-0.14
0.58,0.44,-0.14
0.58,0.44,-0.15
0.55,0.49,-0.15
0.53,0.47,-0.19
0.48,0.17,0.24
0.90,0.39,0.30
0.70,0.43,0.22
0.69,0.29,0.26
0.69,0.29,0.26
0.69,0.29,0.25
0.38,0.60,-0.20
0.36,0.65,-0.20
0.73,0.28,0.30
0.65,0.32,0.16
0.50,0.57,0.08
0.47,0.57,0.02
0.34,0.59,-0.18
-3.25,0.11,0.05
0.62,0.46,0.11
0.29,0.59,0.18
-0.07,0.68,-0.86
0.10,0.57,-0.62
0.19,0.73,-0.32
0.35,0.55,-0.44
0.17,0.70,-0.20
0.45,0.51,-0.14
0.31,0.55,-0.25
-3.96,0.41,0.14
0.36,0.58,-0.25
-3.96,0.58,-0.38
0.22,0.65,-0.02
0.41,0.67,0.00
0.47,0.56,0.26
0.65,0.47,0.30
0.23,0.72,-0.26
0.40,0.62,-0.19
-3.96,0.34,-0.03
0.39,0.60,-0.09
0.57,0.49,0.30
0.41,0.58,-0.17
-3.96,0.48,0.00
0.72,0.22,0.23
0.69,0.27,0.26
-3.96,0.27,0.26
-3.96,0.19,0.12
-3.96,0.15,0.02
-3.96,0.16,0.20
-3.96,0.12,0.02
-3.96,0.13,0.02
-3.96,0.08,-0.03
-3.96,0.03,-0.04
-3.96,0.03,-0.02
-3.96,0.12,-0.01
-3.96,0.06,-0.08
-3.96,0.01,-0.03
-3.96,0.15,-0.02
-3.96,0.26,-0.01
0.66,0.28,0.24
0.69,0.28,0.25
0.69,0.28,0.25
0.44,0.39,0.46
-2.61,0.07,0.90
0.10,0.49,0.70
-0.31,0.29,-0.25
-0.01,0.58,-0.39
-0.01,0.58,-0.39
-0.01,0.58,-0.39
0.14,0.64,-0.40
0.44,0.57,-0.15
0.30,0.54,-0.02
0.40,0.55,-0.22
0.00,0.59,-0.39
-3.96,0.28,0.21
-3.96,0.26,0.23
-3.96,0.26,0.23
-3.96,0.26,0.23
-3.96,0.26,0.23
-3.96,0.26,0.23
-3.96,0.26,0.22
-3.96,0.58,-0.18
-3.96,0.60,0.01
-3.96,0.57,-0.10
-3.96,0.55,-0.10
0.47,0.56,-0.10
0.44,0.59,0.01
-3.96,-0.44,-0.31
0.70,0.27,0.25
0.70,0.27,0.26
0.70,0.27,0.25
-3.96,0.13,0.31
-3.96,0.28,0.25
0.63,0.36,0.24
0.47,0.60,-0.09
0.35,0.66,-0.13
0.45,0.54,-0.05
0.46,0.57,-0.06
0.48,0.56,-0.06
0.52,0.52,-0.09
0.44,0.58,-0.11
0.50,0.57,0.01
0.50,0.53,-0.05
-3.96,0.27,0.25
-3.96,0.26,0.25
-3.96,0.26,0.25
-3.96,0.26,0.25
-3.96,0.26,0.25
-3.96,0.26,0.25
-3.96,0.26,0.25
-3.96,0.31,0.24
-3.96,0.28,0.23
-3.96,0.32,0.20
0.19,0.35,0.21
-3.96,0.26,0.22
-3.96,0.09,0.38
-2.51,0.41,0.21
-3.96,0.37,0.19
-3.96,0.40,0.15
-3.96,0.49,0.05
-3.96,0.54,-0.02
-3.96,0.54,-0.04
-3.96,0.50,-0.09
0.53,0.51,-0.06
-3.96,0.56,-0.03
-3.96,0.57,-0.03
-3.96,0.55,-0.06
-0.55,0.60,-0.04
-3.96,0.62,-0.20
0.46,0.55,-0.14
0.26,0.61,-0.25
0.44,0.54,0.20
0.72,0.72,1.19
-3.96,0.57,-0.26
0.40,0.60,0.15
0.48,0.60,0.46
0.05,0.82,-0.30
0.14,0.27,0.62
0.15,0.73,-0.05
-3.96,0.14,0.11
0.19,0.50,-0.67
0.25,0.66,-0.26
-3.96,0.28,0.22
-3.96,0.28,0.22
0.50,0.53,0.14
-3.96,0.25,-0.03
-3.96,0.25,0.06
0.66,0.55,0.45
-3.96,0.26,0.01
-3.96,-0.01,-0.12
-3.96,0.00,-0.13
-3.96,-0.05,0.24
-3.96,0.28,0.22
-3.96,0.42,0.10
0.01,0.77,-0.49
-0.00,0.32,0.34
-3.96,0.50,-0.03
0.35,0.55,0.10
1.05,0.30,0.16
-3.96,0.28,0.22
-3.96,0.27,0.22
0.69,0.25,0.22
0.40,0.44,0.13
0.41,0.60,-0.11
0.46,0.66,-0.02
-3.96,0.25,0.23
-3.96,0.25,0.23
-3.96,0.25,0.23
-3.96,0.22,0.29
-3.96,0.23,0.22
-3.96,0.09,0.09
-3.96,0.28,0.25
0.87,0.52,0.39
0.33,0.60,1.18
0.20,0.63,-0.06
-3.96,0.25,0.23
-3.96,0.28,0.22
0.27,0.33,0.23
0.36,0.49,-0.34
-3.55,0.28,0.16
-3.96,0.42,-0.13
0.44,0.77,-0.32
0.32,0.52,-0.32
0.62,0.44,0.04
-3.96,0.26,0.19
-3.96,0.26,0.26
-3.96,0.28,0.22
-3.96,0.28,0.23
-3.96,0.41,0.01
-3.96,0.26,0.28
0.30,0.65,-0.12
0.22,0.64,-0.27
0.40,0.70,-0.10
0.23,0.67,-0.21
0.46,0.56,-0.09
0.69,0.28,0.25
-1.34,0.54,0.00
-3.96,0.28,0.24
-3.96,0.11,0.12
0.55,0.33,0.02
-0.58,0.43,-0.21
-3.96,0.28,0.11
0.19,0.01,0.22
-3.96,0.28,0.22
-3.96,0.50,0.09
0.34,0.66,-0.05
0.46,0.57,0.01
0.49,0.54,-0.03
-0.02,0.79,-0.24
0.59,0.68,-0.19
-0.03,0.57,-0.39
0.42,0.60,-0.03
0.43,0.73,0.07
0.29,0.74,0.03
0.22,0.77,0.19
0.49,0.40,-0.37
0.53,0.69,0.25
0.58,0.47,0.15
-0.40,0.46,-0.06
-3.96,0.67,-0.55
-3.96,0.32,-0.06
0.37,0.61,0.17
0.50,0.62,0.06
-3.96,0.53,-0.18
0.33,0.63,-0.19
-0.71,0.69,-0.34
0.62,0.13,0.35
-3.96,0.56,-0.21
-3.96,0.58,-0.10
-3.96,0.20,-0.14
-3.96,0.28,0.23
0.55,0.33,0.38
0.58,0.73,0.22
0.47,0.53,0.06
0.55,0.44,0.00
0.54,0.59,-0.01
0.07,0.71,0.36
0.33,0.66,0.25
0.38,0.61,0.10
0.42,0.60,-0.02
0.44,0.58,-0.05
0.41,0.65,-0.15
0.61,0.59,-0.10
0.44,0.50,-0.08
0.61,0.64,-0.22
0.41,0.47,-0.10
0.52,0.52,-0.07
0.49,0.57,-0.06
0.50,0.50,-0.14
0.44,0.46,-0.25
0.46,0.53,-0.17
0.40,0.55,-0.20
0.45,0.56,-0.15
0.44,0.71,-0.02
0.81,0.69,-0.45
0.62,0.42,-0.10
0.75,0.59,-0.29
0.47,0.58,-0.10
0.66,0.84,-0.09
0.49,0.24,-0.19
0.38,0.44,-0.08
0.40,0.61,-0.10
0.55,0.48,0.22
0.56,0.47,-0.06
0.55,0.46,-0.11
0.53,0.47,-0.10
0.50,0.48,-0.08
0.55,0.48,-0.09
0.58,0.44,-0.09
0.65,0.40,0.19
0.55,0.55,-0.01
0.52,0.51,-0.02
0.34,0.77,0.18
-0.07,0.54,0.66
-0.14,0.46,0.73
-0.30,0.46,0.69
-0.32,0.38,0.66
-0.36,0.32,0.70
-0.39,0.28,0.70
-0.31,0.40,0.68
-0.29,0.39,0.70
-0.33,0.35,0.70
-0.34,0.34,0.70
-0.31,0.35,0.71
-0.34,0.38,0.66
-0.34,0.31,0.67
-0.34,0.36,0.69
-0.35,0.43,0.59
-0.40,0.66,-0.02
0.50,0.63,-0.14
0.14,0.69,-0.25
-0.67,1.96,-0.14
0.09,0.94,-0.38
0.49,0.67,-0.02
-0.00,0.59,-0.39
-0.29,0.41,-0.50
0.99,0.67,-0.24
0.47,0.52,-0.14
0.40,0.57,-0.20
0.48,0.54,-0.21
0.50,0.56,-0.13
0.44,0.54,0.02
0.45,0.55,-0.14
-0.38,2.25,-2.71
0.56,0.57,0.03
-2.36,0.13,-0.28
-3.96,0.29,0.24
-3.96,0.29,0.23
-3.96,0.29,0.23
-3.96,0.29,0.23
-1.53,0.40,0.42
0.29,0.60,-0.59
0.02,0.76,-0.24
0.14,0.39,-0.33
-0.05,0.77,-0.22
0.58,0.57,0.01
0.54,0.68,-0.21
0.44,0.63,-0.06
-3.96,0.04,0.58
0.55,0.64,0.34
0.58,0.57,-0.14
0.44,0.47,0.78
0.38,0.66,0.36
0.36,0.65,0.22
0.44,0.63,0.26
0.10,0.77,-0.30
0.31,0.57,-0.04
-3.96,0.28,0.26
-0.15,0.27,0.82
-0.22,1.30,0.42
-3.96,0.28,-0.27
-3.96,0.05,-0.32
-3.96,0.23,-0.23
-3.96,0.18,-0.27
-3.96,0.15,-0.09
-3.96,0.01,-0.68
-3.96,-0.25,-0.42
-3.96,0.18,-0.60
-3.96,-0.54,-0.07
-3.96,0.09,-0.30
-3.96,0.18,-0.43
-3.96,0.19,-0.28
-0.03,0.58,-0.39
-0.04,0.59,-0.39
-0.04,0.59,-0.39
-0.04,0.58,-0.39
0.06,0.56,-0.18
-0.22,0.35,0.71
-0.22,0.37,0.68
-0.27,0.58,0.54
-0.29,0.50,0.62
-0.39,0.47,0.59
-0.40,0.35,0.73
-0.39,0.22,0.74
-0.39,0.23,0.72
-0.40,0.20,0.75
-0.43,0.26,0.81
-0.31,0.22,0.67
-0.36,0.21,0.74
-0.37,0.24,0.74
-0.37,0.23,0.79
-0.39,0.23,0.74
-0.39,0.23,0.73
-0.40,0.24,0.74
-0.40,0.22,0.73
-0.38,0.26,0.77
-0.43,0.25,0.77
-0.38,0.25,0.74
-0.41,0.25,0.70
-0.38,0.23,0.72
-0.44,0.28,0.79
-0.35,0.21,0.66
-0.37,0.22,0.71
-0.38,0.23,0.73
-0.38,0.23,0.73
-0.38,0.24,0.74
-0.39,0.59,0.72
-0.36,0.47,0.70
-0.44,0.54,0.71
-0.37,0.39,0.57
-0.40,0.30,0.58
-0.27,0.41,0.69
0.48,0.31,0.26
-3.96,0.51,-0.37
-3.96,0.37,-0.34
-3.96,0.68,-0.34
0.28,0.55,-0.41
0.27,0.52,-0.41
0.29,0.59,-0.38
0.24,0.55,-0.41
0.37,0.74,0.46
0.52,0.50,-0.13
0.59,0.43,-0.07
-3.96,0.40,-0.02
-3.96,0.35,-0.02
-3.96,0.38,-0.02
-3.96,0.34,-0.01
-3.96,0.40,-0.01
-3.96,0.40,0.02
-3.96,0.42,0.02
-3.96,0.44,0.03
-3.96,0.43,0.04
-3.96,0.44,0.06
-3.96,0.39,-0.02
-3.96,0.44,-0.04
-3.96,0.42,-0.01
-3.96,0.42,0.00
-3.96,0.41,-0.01
-3.96,0.41,-0.01
-3.96,0.44,0.03
-3.96,0.47,0.00
0.51,0.63,0.00
0.07,0.67,0.30
0.06,0.78,0.14
0.18,0.74,-0.12
0.18,0.60,-0.22
0.39,1.66,-1.86
-3.96,0.28,0.23
-3.96,0.28,0.23
-3.96,0.28,0.23
-3.96,0.27,0.23
-3.96,0.28,0.22
-3.96,0.28,0.23
-3.96,0.28,0.23
-3.96,0.28,0.23
-3.96,0.31,0.42
-0.37,0.22,0.75
-0.42,0.19,0.73
-0.42,0.19,0.73
-0.42,0.19,0.73
-0.42,0.19,0.73
-0.42,0.19,0.73
-0.42,0.19,0.73
-0.42,0.19,0.74
-0.42,0.19,0.73
-0.42,0.19,0.73
-0.42,0.19,0.73
-0.42,0.19,0.73
-0.42,0.19,0.73
-0.42,0.19,0.73
-0.42,0.19,0.73
-0.42,0.19,0.73
-0.42,0.19,0.73
-0.42,0.19,0.73
-0.31,0.20,0.74
-0.44,0.16,0.73
-0.43,0.31,0.74
-0.41,0.36,0.74
-0.49,0.03,0.72
-0.48,0.03,0.73
-0.48,0.03,0.73
-0.48,0.03,0.73
-0.47,0.06,0.74
-0.48,0.02,0.72
-0.48,0.02,0.72
-0.48,0.02,0.73
-0.49,0.02,0.73
-0.49,0.02,0.73
-0.49,0.02,0.73
-0.49,0.02,0.72
-0.49,0.02,0.73
-0.49,0.01,0.73
-0.49,0.01,0.73
-0.48,0.01,0.73
-0.49,0.01,0.73
-0.49,0.01,0.73
-0.49,0.01,0.72
-0.49,0.01,0.73
-0.49,0.01,0.73
-0.49,0.00,0.73
-0.49,0.00,0.73
-0.49,0.00,0.72
-0.49,0.00,0.73
0.19,0.67,0.25
0.62,0.43,0.26
0.70,0.27,0.23
0.70,0.27,0.23
-3.96,0.63,-0.14
-3.96,-0.03,0.00
0.70,0.28,0.22
0.70,0.28,0.22
0.70,0.28,0.22
0.70,0.28,0.22
-0.58,0.47,0.71
-0.48,0.50,0.34
-0.04,0.59,-0.39
-0.00,0.63,-0.34
-0.18,1.13,0.02
-3.96,-0.42,0.30
0.16,0.77,-0.18
0.47,0.54,-0.06
-3.96,0.28,0.22
-0.11,-0.37,-0.16
-0.23,0.44,0.75
-0.39,0.17,0.76
-0.43,0.10,0.75
-0.43,0.10,0.75
-0.44,0.10,0.75
-0.43,0.10,0.75
-0.44,0.10,0.75
-0.44,0.10,0.75
-0.43,0.10,0.75
-0.44,0.10,0.75
-0.44,0.10,0.75
-0.44,0.10,0.75
-0.44,0.10,0.75
-0.03,0.57,0.59
-0.11,0.57,-0.30
-0.03,0.57,-0.40
1.43,-0.22,0.26
1.08,0.69,1.78
0.10,0.88,-1.50
-3.70,0.28,0.69
0.85,-0.10,1.00
0.39,0.55,0.02
0.67,0.47,-0.02
0.35,0.52,-0.04
-0.04,0.58,-0.40
-0.11,0.44,0.53
-0.43,0.44,0.63
-0.27,0.35,0.40
-0.17,0.29,0.41
-0.29,0.35,0.58
-0.36,0.28,0.66
-0.33,0.31,0.74
-0.30,0.31,0.73
-0.30,0.31,0.73
-0.29,0.33,0.73
-0.30,0.32,0.73
-0.30,0.32,0.73
-0.29,0.34,0.72
-0.29,0.33,0.72
-0.29,0.34,0.73
-0.28,0.31,0.69
-0.35,0.31,0.71
0.03,0.77,0.06
0.42,0.18,-0.58
-0.02,-0.17,-0.63
0.07,-0.08,-0.74
-0.23,-0.19,-0.90
-0.79,0.00,-0.43
-0.69,0.01,-0.55
0.34,0.49,-0.38
0.02,0.53,-0.42
-0.17,0.40,-0.62
0.10,-0.23,-0.70
0.32,0.66,0.03
0.27,0.20,0.74
0.44,0.49,0.47
0.19,0.38,0.75
0.14,0.41,0.75
0.23,0.44,0.67
0.22,0.72,0.01
0.19,0.73,-0.01
0.14,0.70,-0.04
0.14,0.71,-0.03
0.12,0.71,-0.03
0.32,0.67,-0.54
0.42,0.16,0.61
0.36,0.22,0.79
0.44,0.42,0.47
0.28,0.42,0.57
0.37,0.56,0.49
0.32,0.64,0.53
0.29,0.67,0.30
0.27,0.51,0.57
0.30,0.37,0.73
0.33,0.55,0.47
0.23,0.54,0.61
0.24,0.58,0.12
0.18,0.73,0.22
0.12,0.65,0.38
-0.04,0.68,0.44
0.22,0.70,0.46
0.09,0.35,0.63
0.23,0.69,0.22
0.13,0.72,0.10
0.10,0.80,-0.04
0.06,0.69,-0.04
0.06,0.72,-0.05
0.06,0.71,-0.05
0.05,0.73,-0.06
0.06,0.71,-0.05
0.05,0.71,-0.05
0.05,0.72,-0.05
0.04,0.72,-0.05
0.04,0.72,-0.05
0.04,0.72,-0.05
0.04,0.72,-0.05
0.04,0.72,-0.05
0.04,0.72,-0.05
0.04,0.72,-0.05
0.04,0.72,-0.05
0.04,0.72,-0.05
0.04,0.72,-0.05
0.04,0.72,-0.04
0.04,0.72,-0.04
0.04,0.72,-0.04
0.04,0.72,-0.04
0.04,0.72,-0.04
0.04,0.72,-0.04
0.03,0.71,-0.05
0.04,0.72,-0.04
0.04,0.72,-0.04
0.03,0.73,-0.04
0.03,0.72,-0.04
0.03,0.72,-0.04
0.03,0.72,-0.04
0.03,0.72,-0.04
0.03,0.72,-0.04
-0.40,0.62,-0.10
-0.00,0.70,-0.13
0.02,0.72,-0.06
0.02,0.72,-0.06
0.02,0.71,-0.06
0.02,0.72,-0.06
0.02,0.71,-0.06
0.02,0.71,-0.06
0.02,0.71,-0.06
0.02,0.71,-0.06
0.02,0.71,-0.06
0.02,0.71,-0.07
0.02,0.71,-0.06
0.03,0.71,-0.07
0.01,0.68,-0.02
0.01,0.72,-0.04
0.01,0.72,-0.05
0.01,0.72,-0.04
0.01,0.72,-0.05
0.01,0.72,-0.05
0.01,0.72,-0.05
0.01,0.72,-0.04
0.00,0.72,-0.05
-0.12,0.88,-0.11
0.03,0.76,-0.07
0.07,0.71,0.05
0.06,0.76,0.04
-0.19,0.65,0.14
-0.04,0.72,0.18
-0.07,0.68,0.17
0.01,0.80,0.22
-0.06,0.73,0.20
-0.08,0.69,0.14
-0.11,0.66,0.15
-0.06,0.65,0.13
-0.03,0.76,0.16
-0.05,0.74,0.12
-0.02,0.68,0.14
0.07,0.74,0.15
0.04,0.67,0.22
0.11,0.79,0.19
0.15,0.74,0.12
0.02,0.71,0.18
-0.00,0.76,-0.04
-0.10,0.73,0.09
0.07,0.75,0.11
-0.08,0.75,-0.02
-0.15,0.65,0.13
-0.02,0.92,0.10
-0.06,0.73,0.11
-0.04,0.73,0.20
-0.18,0.67,0.14
0.07,0.81,0.10
-0.07,0.73,0.07
-0.10,0.68,0.02
-0.17,0.64,0.12
-0.33,0.66,0.20
-0.43,0.60,0.28
-0.38,0.60,0.28
-0.39,0.59,0.27
-0.06,0.76,0.20
-0.06,0.60,0.24
-0.19,0.64,0.30
-0.21,0.67,0.27
-0.31,0.65,0.18
-0.28,0.63,0.29
-0.30,0.77,0.20
-0.26,0.66,0.26
-0.29,0.67,0.16
-0.44,0.71,0.29
-0.29,0.63,0.20
-0.24,0.66,0.23
-0.25,0.69,0.18
-0.33,0.63,0.26
-0.41,0.60,0.18
-0.29,0.60,0.31
-0.33,0.59,0.28
-0.29,0.63,0.30
-0.37,0.63,0.30
-0.36,0.63,0.25
-0.19,0.79,0.25
-0.22,0.67,0.28
-0.26,0.63,0.28
-0.33,0.57,0.04
-0.24,0.66,0.30
-0.14,0.79,0.13
-0.14,0.73,0.13
-0.06,0.74,0.20
-0.21,0.69,0.20
-0.19,0.70,0.18
-0.17,0.76,0.18
-0.04,0.79,0.12
-0.27,0.54,0.20
-0.44,0.59,0.24
-0.39,0.66,0.25
-0.37,0.70,0.24
-0.42,0.63,0.38
-0.49,0.85,0.35
-0.26,0.56,0.27
-0.31,0.69,0.40
-0.00,0.57,0.26
-0.19,0.49,0.07
-0.10,0.79,-0.01
-0.04,0.76,0.23
-0.08,0.60,0.06
-0.16,0.66,0.10
-0.11,0.63,0.22
-0.22,0.66,0.06
-0.21,0.68,0.29
-0.37,0.63,0.24
-0.30,0.66,0.26
-0.22,0.69,0.17
-0.29,0.63,0.18
-0.22,0.67,0.16
-0.14,0.75,0.30
-0.00,0.70,0.27
0.03,0.73,0.34
0.07,0.75,0.18
-0.23,0.66,0.20
-0.16,0.63,0.29
-0.08,0.83,0.12
-0.22,0.64,0.22
-0.19,0.75,0.17
-0.29,0.54,0.24
-0.35,0.58,0.16
-0.52,0.71,0.07
-0.03,0.67,0.06
-0.51,0.87,0.20
0.08,0.77,0.18
-0.29,0.89,0.30
-0.38,0.85,0.30
-0.19,0.71,0.46
-0.19,0.78,0.35
0.05,0.82,0.17
-0.38,0.73,0.11
-0.02,0.82,0.14
-0.11,0.79,0.30
-0.17,0.48,0.10
-0.09,0.75,0.22
-0.09,0.60,0.15
-0.20,0.75,0.06
-0.19,0.86,0.26
0.07,0.67,0.30
-0.15,0.66,0.10
-0.29,0.65,0.07
-0.19,0.83,0.24
0.11,0.54,0.25
-0.29,0.63,-0.06
-0.04,0.83,0.02
-0.01,0.77,0.43
-0.01,0.80,0.38
0.09,0.85,0.30
-0.15,0.73,0.28
-0.17,0.72,0.04
-0.20,0.73,0.09
0.01,0.63,0.28
0.07,0.76,-0.17
0.11,0.75,-0.05
0.10,0.70,-0.06
0.02,0.73,0.02
0.01,0.73,0.03
0.02,0.73,0.03
0.02,0.73,0.03
0.01,0.73,0.03
0.02,0.73,0.03
0.02,0.73,0.03
0.01,0.73,0.03
0.02,0.73,0.02
0.02,0.73,0.03
0.02,0.73,0.03
0.02,0.72,0.02
0.01,0.73,0.03
0.02,0.73,0.03
0.02,0.73,0.03
0.02,0.73,0.03
0.02,0.73,0.03
0.02,0.73,0.02
0.02,0.73,0.02
0.02,0.73,0.02
0.01,0.73,0.03
0.01,0.72,0.08
0.01,0.69,-0.02
0.04,0.73,0.02
0.08,0.50,0.26
-0.09,0.14,0.90
0.27,0.09,0.87
-0.05,0.73,0.25
0.02,-0.10,0.62
0.12,0.82,0.40
-0.13,0.80,-0.06
0.22,0.69,0.36
0.48,0.70,-0.08
0.53,0.67,-0.13
0.53,0.49,0.44
0.48,0.34,0.69
0.36,0.83,0.22
0.25,0.99,-0.11
-0.44,0.07,-0.48
0.56,0.85,-0.99
-0.16,0.57,-1.60
0.05,0.56,-0.40
0.02,0.54,-0.42
0.03,0.55,-0.42
0.04,0.55,-0.42
0.03,0.55,-0.42
0.03,0.55,-0.42
0.03,0.55,-0.42
0.03,0.55,-0.42
0.03,0.55,-0.42
0.03,0.55,-0.42
0.03,0.55,-0.42
0.04,0.55,-0.42
0.03,0.55,-0.42
0.03,0.55,-0.42
0.04,0.56,-0.42
0.04,0.56,-0.42
0.03,0.56,-0.42
0.03,0.56,-0.42
0.04,0.56,-0.42
0.03,0.56,-0.42
0.03,0.56,-0.42
0.33,0.70,-0.28
0.51,0.69,-0.21
0.32,0.54,-0.32
0.63,0.48,-0.34
0.78,0.64,-0.96
0.26,0.54,0.20
0.21,0.66,0.55
0.32,0.64,0.41
0.38,0.65,-0.07
0.34,0.69,-0.06
0.32,0.62,0.27
0.10,0.58,-0.38
0.09,0.57,-0.38
0.09,0.57,-0.38
0.09,0.57,-0.38
0.09,0.57,-0.39
0.09,0.57,-0.38
0.08,0.57,-0.38
0.09,0.57,-0.38
0.08,0.57,-0.38
0.09,0.57,-0.38
0.08,0.57,-0.38
0.08,0.57,-0.38
0.09,0.57,-0.38
0.08,0.57,-0.38
0.08,0.57,-0.38
0.08,0.57,-0.38
0.08,0.57,-0.38
0.07,0.57,-0.38
0.08,0.57,-0.38
0.08,0.57,-0.38
0.08,0.57,-0.38
0.07,0.55,0.19
0.18,0.68,-0.24
0.08,0.61,-0.32
0.07,0.60,-0.34
0.07,0.59,-0.35
0.06,0.59,-0.36
0.06,0.58,-0.37
0.06,0.58,-0.37
0.06,0.58,-0.38
0.06,0.58,-0.38
0.05,0.58,-0.38
0.09,0.58,0.51
-0.02,0.53,0.71
0.07,0.64,0.33
-0.08,0.68,0.36
0.11,0.66,-0.45
0.20,1.15,-0.22
0.23,0.76,-0.02
0.48,0.29,0.55
0.32,0.72,0.01
0.38,0.42,0.35
0.58,0.57,0.22
0.35,0.70,-0.17
0.41,0.51,0.20
0.43,0.42,0.43
0.39,0.65,-0.06
0.31,0.22,0.46
0.38,0.47,0.30
0.34,0.38,0.46
0.34,0.41,0.36
0.56,0.41,-0.38
0.55,0.61,0.13
-0.11,0.50,0.71
0.69,-0.25,0.75
0.41,0.48,0.38
0.45,0.82,0.20
0.33,0.53,0.62
0.55,0.56,0.10
0.65,0.47,0.26
0.44,0.50,0.25
0.45,0.60,0.07
0.52,0.55,-0.01
0.57,0.54,-0.21
0.47,0.63,-0.25
0.21,0.66,-0.16
0.40,0.48,0.31
0.36,0.63,0.14
0.52,0.55,-0.01
0.52,0.54,-0.18
0.88,0.40,-0.73
0.37,0.53,0.02
0.50,0.46,-0.16
0.47,0.54,0.25
0.17,0.51,-0.49
-0.40,0.72,-0.74
-0.49,0.76,-0.62
0.32,0.36,-0.54
-0.56,-0.74,-1.75
-0.48,-0.73,-1.73
-0.00,-0.41,-0.15
0.25,0.54,-0.46
0.26,0.40,-0.49
0.17,0.45,-0.50
-0.11,0.58,-0.40
0.32,0.60,0.04
0.00,0.76,0.09
-0.00,0.73,0.30
0.27,0.73,0.34
0.34,0.62,0.22
0.40,0.82,-0.10
0.18,0.86,0.00
0.67,1.25,0.23
0.29,0.53,0.06
0.02,0.54,0.20
0.69,1.03,-0.72
0.29,0.78,-0.15
0.65,0.85,-0.55
0.39,0.79,-0.06
0.18,0.69,0.14
0.18,0.32,0.31
-0.22,0.63,0.11
-0.23,0.61,-0.04
0.58,0.44,-0.14
0.08,0.80,-0.05
-0.10,0.93,0.07
0.64,0.93,-0.26
-0.95,0.57,-0.66
0.46,0.48,-0.23
-0.41,0.29,-0.28
0.05,0.59,-0.50
-0.27,0.98,-0.39
0.40,0.52,0.25
-0.87,0.71,-0.09
-0.48,0.73,0.12
-0.77,0.35,-0.55
-0.25,0.54,0.10
-0.29,0.74,-0.07
0.47,1.17,-0.38
0.03,0.48,-0.18
0.12,0.80,-0.46
0.06,0.71,-0.61
-0.29,0.75,0.13
0.13,1.13,-0.78
-0.01,1.08,-0.37
-0.14,0.65,-0.22
-0.13,0.64,-0.24
-0.13,0.64,-0.25
-0.11,0.56,-0.26
-0.16,0.63,-0.22
0.05,0.89,-0.50
-0.42,0.50,-0.13
-0.08,0.60,-0.32
-0.08,0.60,-0.34
-0.08,0.60,-0.34
-0.08,0.60,-0.34
-0.31,0.35,0.09
0.15,1.25,-0.30
-0.22,0.50,-0.27
-0.04,0.62,-0.25
-0.07,0.49,-0.43
0.24,0.54,0.16
0.22,0.60,-0.05
0.13,0.67,-0.10
0.22,0.33,0.23
0.18,0.48,-0.01
0.11,0.63,-0.46
0.24,0.28,0.37
0.19,0.51,0.18
0.17,0.72,-0.29
0.10,0.94,-0.45
0.20,0.69,0.14
0.15,0.57,0.39
0.25,0.49,0.39
0.11,0.62,0.25
0.29,0.84,-0.52
0.12,0.64,0.38
0.07,0.73,0.04
0.05,0.50,0.39
0.16,0.75,-0.45
0.08,0.62,-0.49
0.13,0.61,-0.20
0.12,0.78,-0.76
0.10,0.77,-0.12
0.22,0.59,0.08
0.22,0.54,-0.46
0.18,0.41,0.15
0.09,0.61,0.16
0.05,0.77,-0.48
-0.08,0.95,-0.32
0.25,0.51,-0.67
0.04,0.78,-0.43
0.12,0.75,-0.07
0.21,0.75,-0.43
0.29,0.55,-0.50
0.09,0.65,-0.31
0.15,0.65,-0.05
0.25,0.81,0.34
0.04,0.49,0.68
0.03,0.47,0.69
0.04,0.52,0.59
-0.00,0.38,0.73
0.15,0.55,0.50
0.15,0.76,0.29
0.20,0.60,0.43
0.01,0.80,0.34
-0.03,0.13,0.77
-0.04,0.81,0.30
0.04,0.71,0.43
0.09,0.86,0.21
-0.11,0.56,0.46
-0.04,0.68,0.46
-0.08,0.33,0.76
-0.04,0.47,0.62
0.35,0.44,0.07
0.07,0.72,0.22
0.07,0.73,0.18
0.07,0.72,0.14
0.07,0.73,0.12
0.07,0.73,0.10
0.07,0.73,0.09
0.07,0.73,0.07
0.07,0.73,0.06
0.07,0.73,0.06
0.07,0.73,0.05
0.07,0.73,0.04
0.07,0.73,0.03
0.07,0.73,0.02
0.07,0.73,0.02
0.07,0.73,0.02
0.07,0.73,0.02
0.07,0.72,0.01
0.07,0.72,0.01
0.07,0.72,0.00
0.07,0.72,0.00
0.06,0.73,0.00
-0.36,0.45,0.49
-0.26,0.34,0.28
0.39,0.78,-0.22
0.06,0.76,0.52
-0.27,1.25,-0.43
0.06,0.53,0.27
-0.18,0.41,0.28
-0.22,0.09,0.21
0.14,0.57,-1.26
0.14,1.27,-0.76
0.21,0.86,-0.06
0.09,0.43,0.40
-0.08,0.02,0.27
-0.28,1.55,-0.62
0.14,0.71,0.00
0.14,0.71,-0.02
0.14,0.71,-0.05
0.14,0.70,-0.06
0.14,0.70,-0.06
0.20,1.34,0.13
0.04,0.14,0.84
0.04,1.08,0.09
0.72,0.10,-2.02
0.06,0.09,0.57
-0.19,-1.03,-1.49
0.10,0.08,1.04
-0.27,0.52,-0.32
-0.08,1.14,-0.40
-0.03,0.73,0.02
-0.04,0.72,-0.02
-0.04,0.72,-0.04
-0.03,0.71,-0.06
-0.03,0.71,-0.06
-0.20,0.91,0.02
-0.11,0.06,0.61
-0.06,0.30,0.45
-0.33,-0.44,0.79
-0.04,-0.16,0.59
-0.34,-0.17,0.69
-0.85,0.98,0.08
0.09,0.39,0.66
-0.09,0.13,0.87
-0.33,0.39,0.74
-1.20,0.80,0.37
0.24,0.50,0.62
1.01,0.60,0.55
-0.15,0.96,0.59
-0.19,0.59,0.15
-0.51,0.39,0.58
-0.19,0.42,0.48
-0.13,0.82,0.37
-0.25,0.83,0.03
-0.54,0.54,0.43
-0.13,-0.15,0.48
-0.08,0.53,0.56
-0.05,0.52,0.56
-0.05,0.73,0.14
-0.05,0.73,0.10
-0.05,0.73,0.06
-0.04,0.73,0.04
-0.04,0.73,0.03
-0.04,0.73,0.02
-0.04,0.72,0.01
-0.04,0.73,0.00
-0.04,0.72,-0.01
-0.04,0.72,-0.02
-0.04,0.72,-0.02
-0.04,0.72,-0.02
-0.04,0.72,-0.03
-0.04,0.72,-0.03
-0.04,0.72,-0.04
-0.04,0.72,-0.04
-0.04,0.72,-0.04
-0.05,0.72,-0.04
-0.05,0.71,-0.05
-0.04,0.71,-0.05
-0.12,0.44,0.62
-0.23,0.94,-0.04
-0.48,0.32,-0.14
-0.11,0.75,-0.17
-0.03,0.74,-0.44
-0.37,0.46,-0.18
-0.27,0.41,-0.54
-0.04,0.59,-0.73
-0.16,0.53,-0.47
-0.31,0.57,-0.32
-0.19,0.38,-0.10
-0.14,0.60,-0.31
-0.14,0.60,-0.32
-0.13,0.61,-0.32
-0.13,0.60,-0.33
-0.12,0.60,-0.34
-0.12,0.60,-0.34
-0.12,0.60,-0.34
-0.12,0.60,-0.34
-0.12,0.60,-0.35
-0.12,0.59,-0.35
-0.12,0.59,-0.35
-0.12,0.59,-0.35
-0.12,0.59,-0.36
-0.12,0.59,-0.36
-0.12,0.58,-0.36
-0.12,0.58,-0.36
-0.12,0.58,-0.36
-0.12,0.58,-0.36
-0.12,0.58,-0.37
-0.12,0.58,-0.37
-0.12,0.58,-0.36
-0.12,0.58,-0.37
-0.12,0.58,-0.37
-0.62,0.21,-0.49
1.73,-0.03,-1.34
-0.07,1.04,-1.10
-0.11,0.35,-0.21
0.05,0.61,0.17
-0.15,0.58,-0.36
-0.15,0.58,-0.35
-0.15,0.58,-0.35
-0.15,0.57,-0.35
-0.15,0.58,-0.36
-0.15,0.57,-0.35
-0.16,0.57,-0.36
-0.16,0.57,-0.36
-0.16,0.57,-0.36
-0.16,0.57,-0.36
-0.16,0.57,-0.35
-0.16,0.57,-0.36
-0.16,0.57,-0.36
-0.16,0.57,-0.36
-0.16,0.57,-0.36
-0.16,0.57,-0.36
-0.17,0.57,-0.36
-0.17,0.57,-0.36
-0.17,0.57,-0.36
-0.17,0.57,-0.36
-0.17,0.57,-0.36
-0.17,0.57,-0.36
-0.17,0.57,-0.36
-0.17,0.57,-0.36
-0.17,0.57,-0.36
-0.17,0.57,-0.36
-0.17,0.57,-0.36
-0.17,0.57,-0.36
-0.17,0.57,-0.36
-0.17,0.57,-0.36
-0.17,0.57,-0.36
-0.17,0.57,-0.36
-0.17,0.57,-0.36
-0.18,0.57,-0.36
-0.17,0.57,-0.36
-0.18,0.57,-0.36
-0.18,0.57,-0.36
-0.18,0.57,-0.36
-0.18,0.57,-0.36
-0.18,0.57,-0.36
-0.18,0.57,-0.36
-0.18,0.57,-0.36
-0.18,0.57,-0.36
-0.18,0.57,-0.37
-0.18,0.57,-0.36
-0.18,0.57,-0.36
-0.34,0.52,-0.34
-0.19,0.57,-0.33
-0.22,0.55,-0.38
-0.21,0.54,-0.38
-0.21,0.54,-0.38
-0.21,0.54,-0.38
-0.21,0.54,-0.38
-0.21,0.54,-0.38
-0.21,0.54,-0.38
-0.21,0.54,-0.38
-0.21,0.54,-0.38
-0.21,0.54,-0.38
-0.22,0.54,-0.38
-0.22,0.54,-0.38
-0.22,0.54,-0.38
-0.22,0.54,-0.38
-0.22,0.54,-0.38
-0.22,0.54,-0.38
-0.22,0.54,-0.38
-0.22,0.54,-0.38
-0.22,0.54,-0.38
-0.22,0.54,-0.38
-0.22,0.54,-0.38
-0.22,0.54,-0.38
-0.22,0.54,-0.38
-0.22,0.54,-0.38
-0.22,0.54,-0.38
-0.22,0.54,-0.38
-0.22,0.54,-0.38
-0.22,0.54,-0.38
-0.22,0.54,-0.38
-0.22,0.54,-0.38
-0.22,0.54,-0.38
-0.22,0.54,-0.38
-0.22,0.54,-0.38
-0.22,0.54,-0.38
-0.22,0.54,-0.38
-0.22,0.54,-0.38
-0.22,0.54,-0.38
-0.22,0.54,-0.38
-0.22,0.54,-0.38
-0.22,0.54,-0.38
-0.22,0.54,-0.38
-0.22,0.54,-0.38
-0.22,0.54,-0.38
-0.22,0.54,-0.38
-0.22,0.54,-0.38
-0.22,0.54,-0.38
-0.22,0.54,-0.38
-0.22,0.54,-0.38
-0.22,0.54,-0.38
-0.28,0.55,-0.34
0.22,0.18,-0.70
-0.11,0.02,-0.71
-0.18,-0.24,-0.70
-0.44,0.48,-0.53
-0.08,-0.10,-0.70
-0.07,0.08,-0.72
0.01,0.03,-0.72
-0.09,-0.05,-0.70
-0.11,0.00,-0.72
-0.08,-0.01,-0.72
-0.14,0.25,-0.59
-0.22,-0.07,-0.54
-0.24,-0.06,-0.70
-0.24,-0.05,-0.70
-0.24,-0.05,-0.70
-0.24,-0.06,-0.70
-0.23,-0.06,-0.70
-0.24,-0.05,-0.69
-0.24,-0.06,-0.70
-0.24,-0.06,-0.69
-0.24,-0.06,-0.69
-0.23,-0.06,-0.69
-0.10,0.06,-0.68
-0.22,-0.01,-0.70
0.04,-0.05,-0.97
0.04,-0.23,-0.72
-0.09,-0.13,-0.46
0.04,-0.14,-0.34
0.01,-0.16,-0.62
